[{"family":"MaterialIcons","fonts":[{"asset":"fonts/MaterialIcons-Regular.otf"}]},{"family":"Poppins","fonts":[{"weight":400,"asset":"assets/fonts/Poppins-Regular.ttf"},{"weight":500,"asset":"assets/fonts/Poppins-Medium.ttf"},{"weight":700,"asset":"assets/fonts/Poppins-Bold.ttf"}]},{"family":"NotoSansSC","fonts":[{"weight":400,"asset":"assets/fonts/NotoSansSC-Regular.ttf"},{"weight":500,"asset":"assets/fonts/NotoSansSC-Medium.ttf"},{"weight":700,"asset":"assets/fonts/NotoSansSC-Bold.ttf"}]},{"family":"Fallback","fonts":[{"asset":"assets/fonts/NotoSansSC-Regular.ttf"}]},{"family":"packages/cupertino_icons/CupertinoIcons","fonts":[{"asset":"packages/cupertino_icons/assets/CupertinoIcons.ttf"}]}]